{"cameraMode":{"drawMode":0,"name":"Shaded","section":"Shading Mode"},"sceneLighting":false,"audioPlay":false,"sceneViewState":{"m_AlwaysRefresh":false,"showFog":true,"showSkybox":false,"showFlares":false,"showImageEffects":false,"showParticleSystems":false,"showVisualEffectGraphs":false,"m_FxEnabled":true},"in2DMode":false,"pivot":{"x":2.9802322387695315e-8,"y":-0.025809455662965776,"z":-0.7340191006660461},"rotation":{"x":-0.1360827386379242,"y":-0.7221055030822754,"z":0.14851364493370057,"w":-0.6618714332580566},"size":1.1497927904129029,"orthographic":false}